Temperatures,+-
306.002879863,10
310.064251286,10
313.373732096,10
304.033519562,10
301.870151798,10
301.892281315,10
286.37221535,10
254.961812952,10
